{"cameraMode":{"drawMode":0,"name":"Shaded","section":"Shading Mode"},"sceneLighting":true,"audioPlay":false,"sceneViewState":{"m_AlwaysRefresh":false,"showFog":true,"showSkybox":true,"showFlares":true,"showImageEffects":true,"showParticleSystems":true,"showVisualEffectGraphs":true,"m_FxEnabled":true},"in2DMode":false,"pivot":{"x":-0.16425323486328126,"y":1.7361469268798829,"z":10.571255683898926},"rotation":{"x":0.07703538984060288,"y":-0.7357463240623474,"z":0.08490803837776184,"w":0.6674922108650208},"size":14.786931991577149,"orthographic":true}