{"cameraMode":{"drawMode":0,"name":"Shaded","section":"Shading Mode"},"sceneLighting":true,"audioPlay":false,"sceneViewState":{"m_AlwaysRefresh":false,"showFog":true,"showSkybox":true,"showFlares":true,"showImageEffects":true,"showParticleSystems":true,"showVisualEffectGraphs":true,"m_FxEnabled":true},"in2DMode":false,"pivot":{"x":2.662078619003296,"y":4.1310296058654789,"z":-0.21641194820404054},"rotation":{"x":0.0020396308973431589,"y":-0.9934059381484985,"z":0.11374194175004959,"w":0.018481556326150895},"size":4.708195686340332,"orthographic":true}